{
  "spider": "https://fs-im-kefu.7moor-fs1.com/ly/4d2c3f00-7d4c-11e5-af15-41bf63ae4ea0/1722987884531/fan.txt;md5;dc0bb7989c050bc9aba22fae0c49348b",
  "wallpaper": "https://深色壁纸.xxooo.cf/",
  "sites": [
    {
      "key": "豆豆",
      "name": "豆豆",
      "type": 3,
      "api": "csp_DouDou",
      "searchable": 0,
      "quickSearch": 0,
      "filterable": 0
    },
    {
      "key": "玩偶",
      "name": "玩偶哥哥",
      "type": 3,
      "api": "csp_WoGG",
      "searchable": 1,
      "quickSearch": 1,
      "changeable": 0,
      "ext": {
        "Cloud-drive": "tvfan/Cloud-drive.txt",
        "from": "4k|auto",
        "siteUrl": "https://www.wogg.net/",
        "danMu": "弹"
      }
    },
    {
      "key": "原创",
      "name": "原创",
      "type": 3,
      "api": "csp_YCyz",
      "timeout": 15,
      "searchable": 1,
      "quickSearch": 1,
      "changeable": 1
    },
    {
      "key": "苹果",
      "name": "苹果",
      "type": 3,
      "api": "csp_LiteApple",
      "searchable": 1,
      "quickSearch": 1,
      "changeable": 1
    },
    {
      "key": "厂长",
      "name": "厂长",
      "type": 3,
      "api": "csp_NewCz",
      "timeout": 15,
      "playerType": 2,
      "searchable": 1,
      "quickSearch": 1,
      "changeable": 1,
      "ext": "https://czzy.top/"
    },
    {
      "key": "Zx4k",
      "name": "专线",
      "type": 3,
      "api": "csp_Zx4k",
      "timeout": 15,
      "playerType": 2,
      "searchable": 1,
      "quickSearch": 1,
      "changeable": 1
    },
    {
      "key": "低端",
      "name": "低端",
      "type": 3,
      "api": "csp_Ddrk",
      "playerType": "2",
      "searchable": 1,
      "quickSearch": 1,
      "changeable": 1
    },
    {
      "key": "萌米",
      "name": "萌米",
      "type": 3,
      "api": "csp_AppTT",
      "timeout": 15,
      "playerType": 1,
      "ext": "AO7TcBkd8Iifux0Y8Qze6tVlMg=="
    },
    {
      "key": "比特",
      "name": "比特",
      "type": 3,
      "api": "csp_Bttwoo",
      "searchable": 1,
      "quickSearch": 1,
      "changeable": 1
    },
    {
      "key": "zxzj",
      "name": "在线",
      "type": 3,
      "api": "csp_Zxzj",
      "timeout": 15,
      "searchable": 1,
      "quickSearch": 1,
      "changeable": 1,
      "ext": "https://www.zxzjhd.com/"
    },
    {
      "key": "可可",
      "name": "可可",
      "type": 3,
      "api": "csp_Kekys",
      "timeout": 15,
      "playerType": 2,
      "searchable": 1,
      "quickSearch": 1,
      "changeable": 1
    },
    {
      "key": "小点",
      "name": "小点",
      "type": 3,
      "api": "csp_Xdys",
      "searchable": 1,
      "quickSearch": 1,
      "filterable": 1,
      "changeable": 0
    },
    {
      "key": "热播",
      "name": "热播",
      "type": 3,
      "api": "csp_AppTT",
      "timeout": 15,
      "playerType": 2,
      "searchable": 1,
      "quickSearch": 1,
      "changeable": 1,
      "ext": "AO7TcBkd8I/B5wQc4Qma+pU="
    },
    {
      "key": "比特",
      "name": "比特",
      "type": 3,
      "api": "csp_Bttwoo",
      "searchable": 1,
      "quickSearch": 1,
      "changeable": 1
    },
    {
      "key": "新6V",
      "name": "新6V",
      "type": 3,
      "api": "csp_SixV",
      "searchable": 1,
      "quickSearch": 1,
      "changeable": 0,
      "ext": "https://www.xb6v.com/"
    },
    {
      "key": "FreeOK",
      "name": "️️Fre",
      "type": 3,
      "api": "http://dt.xn--yety82d.love/js/lib/drpy2.min.js",
      "ext": "http://dt.xn--yety82d.love/js/FreeOK.js"
    },
    {
      "key": "云播影视",
      "name": "云播",
      "type": 3,
      "playerType": "2",
      "api": "http://dt.xn--yety82d.love/js/lib/drpy2.min.js",
      "ext": "http://dt.xn--yety82d.love/js/TVB云播.js"
    },
    {
      "key": "文采",
      "name": "文采",
      "type": 3,
      "api": "csp_Jpys",
      "playerType": 2,
      "searchable": 1,
      "quickSearch": 1,
      "changeable": 1
    },
    {
      "key": "drpy_js_奇珍异兽",
      "name": "爱奇艺",
      "type": 3,
      "api": "https://github.moeyy.xyz/https://raw.githubusercontent.com/hjdhnx/dr_py/main/libs/drpy2.min.js",
      "ext": "https://github.moeyy.xyz/https://raw.githubusercontent.com/hjdhnx/dr_py/main/js/奇珍异兽.js"
    },
    {
      "key": "drpy_js_优酷",
      "name": "优酷",
      "type": 3,
      "api": "https://github.moeyy.xyz/https://raw.githubusercontent.com/hjdhnx/dr_py/main/libs/drpy2.min.js",
      "ext": "https://github.moeyy.xyz/https://raw.githubusercontent.com/hjdhnx/dr_py/main/js/优酷.js"
    },
    {
      "key": "drpy_js_腾云驾雾",
      "name": "腾讯",
      "type": 3,
      "api": "https://github.moeyy.xyz/https://raw.githubusercontent.com/hjdhnx/dr_py/main/libs/drpy2.min.js",
      "ext": "https://github.moeyy.xyz/https://raw.githubusercontent.com/hjdhnx/dr_py/main/js/腾云驾雾.js"
    },
    {
      "key": "drpy_js_百忙无果",
      "name": "芒果",
      "type": 3,
      "api": "https://github.moeyy.xyz/https://raw.githubusercontent.com/hjdhnx/dr_py/main/libs/drpy2.min.js",
      "ext": "https://github.moeyy.xyz/https://raw.githubusercontent.com/hjdhnx/dr_py/main/js/百忙无果.js"
    },
    {
      "key": "Dm84",
      "name": "巴士",
      "type": 3,
      "api": "csp_Dm84",
      "searchable": 1,
      "quickSearch": 1,
      "changeable": 1
    },
    {
      "key": "Ysj",
      "name": "异界",
      "type": 3,
      "api": "csp_Ysj",
      "searchable": 1,
      "quickSearch": 1,
      "changeable": 1
    },
    {
      "key": "Anime1",
      "name": "日本",
      "type": 3,
      "api": "csp_Anime1",
      "searchable": 1,
      "quickSearch": 1,
      "changeable": 1
    },
    {
      "key": "88js",
      "name": "88",
      "type": 3,
      "api": "https://gitlab.com/fantaiying/ext/-/raw/main/drpy2.min.js",
      "ext": "https://gitlab.com/fantaiying/ext/-/raw/main/88看球.js",
      "style": {
        "type": "list"
      },
      "searchable": 0,
      "quickSearch": 0,
      "changeable": 0
    },
    {
      "key": "Jrsjs",
      "name": "Jrs",
      "type": 3,
      "api": "https://gitlab.com/fantaiying/ext/-/raw/main/drpy2.min.js",
      "ext": "https://gitlab.com/fantaiying/ext/-/raw/main/jrk.js",
      "style": {
        "type": "list"
      },
      "searchable": 0,
      "quickSearch": 0,
      "changeable": 0
    },
    {
      "key": "企鹅xp",
      "name": "鹅鹅",
      "type": 3,
      "api": "csp_XPath",
      "style": {
        "type": "list"
      },
      "searchable": 0,
      "quickSearch": 0,
      "changeable": 0,
      "ext": "https://gitlab.com/fantaiying/ext/-/raw/main/企鹅直播.json"
    },
    {
      "key": "酷奇",
      "name": "酷奇",
      "type": 3,
      "api": "https://gitlab.com/fantaiying/ext/-/raw/main/drpy2.min.js",
      "ext": "https://gitlab.com/fantaiying/ext/-/raw/main/酷奇MV.js",
      "style": {
        "type": "rect",
        "ratio": 1.597
      },
      "searchable": 0,
      "quickSearch": 0,
      "changeable": 0
    },
    {
      "key": "MTV",
      "name": "明星",
      "type": 3,
      "api": "csp_Bili",
      "style": {
        "type": "rect",
        "ratio": 1.597
      },
      "searchable": 0,
      "quickSearch": 0,
      "changeable": 0,
      "ext": "https://gitlab.com/fantaiying/ext/-/raw/main/MTV.json"
    },
    {
      "key": "csp_Yj1211",
      "name": "网红",
      "type": 3,
      "api": "csp_Yj1211",
      "playerType": "1",
      "searchable": 0,
      "quickSearch": 1,
      "changeable": 0
    },
    {
      "key": "虎牙直播js",
      "name": "虎牙",
      "type": 3,
      "api": "https://gitlab.com/fantaiying/ext/-/raw/main/drpy2.min.js",
      "ext": "https://gitlab.com/fantaiying/ext/-/raw/main/huya2.js",
      "style": {
        "type": "rect",
        "ratio": 1.755
      },
      "playerType": "1",
      "searchable": 0,
      "quickSearch": 0,
      "changeable": 0
    },
    {
      "key": "斗鱼js",
      "name": "斗鱼",
      "type": 3,
      "api": "https://gitlab.com/fantaiying/ext/-/raw/main/drpy2.min.js",
      "ext": "https://gitlab.com/fantaiying/ext/-/raw/main/斗鱼直播.js",
      "style": {
        "type": "rect",
        "ratio": 1.755
      },
      "playerType": "1",
      "searchable": 0,
      "quickSearch": 0,
      "changeable": 0
    },
    {
      "key": "有声小说js",
      "name": "有声",
      "type": 3,
      "api": "https://gitlab.com/fantaiying/ext/-/raw/main/drpy2.min.js",
      "ext": "https://gitlab.com/fantaiying/ext/-/raw/main/有声小说吧.js",
      "style": {
        "type": "rect",
        "ratio": 1
      },
      "searchable": 0,
      "quickSearch": 0,
      "changeable": 0
    },
    {
      "key": "Aid",
      "name": "急救",
      "type": 3,
      "api": "csp_FirstAid",
      "searchable": 0,
      "quickSearch": 0,
      "changeable": 0,
      "style": {
        "type": "rect",
        "ratio": 3.8
      }
    },
    {
      "key": "米搜",
      "name": "米搜",
      "type": 3,
      "api": "csp_MIPanSo",
      "searchable": 1,
      "quickSearch": 1,
      "changeable": 0,
      "ext": {
        "Cloud-drive": "tvfan/Cloud-drive.txt",
        "from": "4k|auto"
      }
    },
    {
      "key": "盘他",
      "name": "盘他",
      "type": 3,
      "api": "csp_PanTa",
      "searchable": 1,
      "quickSearch": 1,
      "changeable": 0,
      "ext": {
        "Cloud-drive": "tvfan/Cloud-drive.txt",
        "from": "4k|auto"
      }
    },
    {
      "key": "夸搜",
      "name": "夸搜",
      "type": 3,
      "api": "csp_PanSearch",
      "searchable": 1,
      "quickSearch": 1,
      "changeable": 0,
      "ext": {
        "pan": "quark",
        "Cloud-drive": "tvfan/Cloud-drive.txt",
        "from": "4k|auto"
      }
    },
    {
      "key": "YiSo",
      "name": "易搜",
      "type": 3,
      "api": "csp_YiSo",
      "searchable": 1,
      "quickSearch": 1,
      "changeable": 0,
      "ext": {
        "Cloud-drive": "tvfan/Cloud-drive.txt",
        "from": "4k|auto"
      }
    },
    {
      "key": "PanSou",
      "name": "盘搜",
      "type": 3,
      "api": "csp_PanSou",
      "searchable": 1,
      "quickSearch": 1,
      "changeable": 0,
      "ext": {
        "Cloud-drive": "tvfan/Cloud-drive.txt",
        "from": "4k|auto"
      }
    },
    {
      "key": "PanSearch",
      "name": "盘Se",
      "type": 3,
      "api": "csp_PanSearch",
      "searchable": 1,
      "quickSearch": 1,
      "changeable": 0,
      "ext": {
        "Cloud-drive": "tvfan/Cloud-drive.txt",
        "from": "4k|auto"
      }
    },
    {
      "key": "push_agent",
      "name": "手机",
      "type": 3,
      "api": "csp_Push",
      "searchable": 0,
      "quickSearch": 0,
      "ext": {
        "Cloud-drive": "tvfan/Cloud-drive.txt",
        "from": "4k|auto"
      }
    },
    {
      "key": "Bili",
      "name": "哔哔",
      "type": 3,
      "api": "csp_Bili",
      "style": {
        "type": "rect",
        "ratio": 1.597
      },
      "searchable": 1,
      "quickSearch": 0,
      "changeable": 0,
      "ext": "https://gitlab.com/fantaiying/ext/-/raw/main/bilibili.json"
    },
    {
      "key": "Biliych",
      "name": "明星",
      "type": 3,
      "api": "csp_Bili",
      "style": {
        "type": "rect",
        "ratio": 1.597
      },
      "searchable": 1,
      "quickSearch": 0,
      "changeable": 0,
      "ext": "https://gitlab.com/fantaiying/ext/-/raw/main/biliych.json"
    },
    {
      "key": "dr_兔小贝",
      "name": "儿童",
      "type": 3,
      "api": "https://gitlab.com/fantaiying/ext/-/raw/main/drpy2.min.js",
      "ext": "https://gitlab.com/fantaiying/ext/-/raw/main/%E5%85%94%E5%B0%8F%E8%B4%9D.js",
      "style": {
        "type": "rect",
        "ratio": 1.597
      },
      "searchable": 0,
      "quickSearch": 0,
      "changeable": 0
    },
    {
      "key": "少儿教育",
      "name": "少儿",
      "type": 3,
      "api": "csp_Bili",
      "style": {
        "type": "rect",
        "ratio": 1.597
      },
      "searchable": 0,
      "quickSearch": 0,
      "changeable": 0,
      "ext": "https://gitlab.com/fantaiying/ext/-/raw/main/少儿教育.json"
    },
    {
      "key": "小学课堂",
      "name": "小学",
      "type": 3,
      "api": "csp_Bili",
      "style": {
        "type": "rect",
        "ratio": 1.597
      },
      "searchable": 0,
      "quickSearch": 0,
      "changeable": 0,
      "ext": "https://gitlab.com/fantaiying/ext/-/raw/main/小学课堂.json"
    },
    {
      "key": "初中课堂",
      "name": "初中",
      "type": 3,
      "api": "csp_Bili",
      "style": {
        "type": "rect",
        "ratio": 1.597
      },
      "searchable": 0,
      "quickSearch": 0,
      "changeable": 0,
      "ext": "https://gitlab.com/fantaiying/ext/-/raw/main/初中课堂.json"
    },
    {
      "key": "高中教育",
      "name": "高中",
      "type": 3,
      "api": "csp_Bili",
      "style": {
        "type": "rect",
        "ratio": 1.597
      },
      "searchable": 0,
      "quickSearch": 0,
      "changeable": 0,
      "ext": "https://gitlab.com/fantaiying/ext/-/raw/main/高中课堂.json"
    },
    {
      "key": "fan",
      "name": "https://github.com/wwb521/live",
      "type": 3,
      "api": "csp_XPath",
      "searchable": 1,
      "quickSearch": 0,
      "changeable": 0
    },
    {
      "key": "cc",
      "name": "请勿相信视频中广告",
      "type": 3,
      "api": "csp_XPath",
      "searchable": 1,
      "quickSearch": 0,
      "changeable": 0
    }
  ],
  "logo": "https://raw.github.tax/wwb521/live/main/ys.ico",
  "lives": [
    {
      "name": "IPV6",
      "type": 0,
      "url": "https://raw.bgithub.xyz/wwb521/live/refs/heads/main/tv.txt",
      "playerType": 1,
      "epg": "https://live.fanmingming.com/e.xml",
      "logo": "https://live.fanmingming.com/tv/{name}.png"
    }
  ]
}